{
    "upper": [
        -0.2718007195971918,
        0.26408264719127883,
        0.5552070397633223,
        -0.3783328527017844,
        0.6206862747106872,
        0.35835431271167234,
        0.5878049053471798
    ],
    "lower": [
        -0.7111024969384575,
        -0.3093644698974816,
        0.2370110120728236,
        -0.3806209168144093,
        0.6188192547964908,
        0.35619050757397563,
        0.5855735623054501
    ]
}