{
    "fx": 608.1773681640625,
    "fy": 607.7813720703125,
    "s": 0.0,
    "cx": 318.5154724121094,
    "cy": 250.5447540283203
}