{
    "pose1": [
        0.2949827015399933,
        -1.0422261396991175,
        -1.9539216200457972,
        -1.7782142798053187,
        1.618984580039978,
        -0.18588477769960576
    ],
    "center": [
        0.33170124888420105,
        -1.7061751524554651,
        -1.867579762135641,
        -1.2163189093219202,
        1.5897363424301147,
        -0.14644223848451787
    ],
    "home": [
        0.30343684554100037,
        -1.6004117170916956,
        -1.4277127424823206,
        -1.763655964528219,
        1.5873500108718872,
        -0.17459184328188115
    ],
    "camera_man": [
        0.7028152346611023,
        -1.2161482016192835,
        -1.7373221556292933,
        -2.5493882338153284,
        0.227569580078125,
        1.851242184638977
    ]
}